{
    "$schema": "https://schema.management.azure.com/schemas/2019-04-01/deploymentTemplate.json#",
    "contentVersion": "1.0.0.0",
    "parameters": {
        "appName": {
            "type": "string",
            "defaultValue": "judgement-card-game",
            "metadata": {
                "description": "Name of the web app"
            }
        },
        "location": {
            "type": "string",
            "defaultValue": "[resourceGroup().location]",
            "metadata": {
                "description": "Location for all resources"
            }
        },
        "sku": {
            "type": "string",
            "defaultValue": "F1",
            "allowedValues": [
                "F1",
                "B1",
                "B2",
                "B3",
                "S1",
                "S2",
                "S3"
            ],
            "metadata": {
                "description": "SKU for the App Service plan"
            }
        }
    },
    "variables": {
        "appServicePlanName": "[concat(parameters('appName'), '-plan')]",
        "webAppName": "[concat(parameters('appName'), '-', uniqueString(resourceGroup().id))]"
    },
    "resources": [
        {
            "type": "Microsoft.Web/serverfarms",
            "apiVersion": "2021-02-01",
            "name": "[variables('appServicePlanName')]",
            "location": "[parameters('location')]",
            "sku": {
                "name": "[parameters('sku')]",
                "tier": "[if(equals(parameters('sku'), 'F1'), 'Free', 'Basic')]"
            },
            "kind": "linux",
            "properties": {
                "reserved": true
            }
        },
        {
            "type": "Microsoft.Web/sites",
            "apiVersion": "2021-02-01",
            "name": "[variables('webAppName')]",
            "location": "[parameters('location')]",
            "dependsOn": [
                "[resourceId('Microsoft.Web/serverfarms', variables('appServicePlanName'))]"
            ],
            "properties": {
                "serverFarmId": "[resourceId('Microsoft.Web/serverfarms', variables('appServicePlanName'))]",
                "siteConfig": {
                    "linuxFxVersion": "NODE|18-lts",
                    "appSettings": [
                        {
                            "name": "WEBSITE_NODE_DEFAULT_VERSION",
                            "value": "18.17.0"
                        },
                        {
                            "name": "SCM_DO_BUILD_DURING_DEPLOYMENT",
                            "value": "true"
                        }
                    ],
                    "webSocketsEnabled": true
                }
            }
        }
    ],
    "outputs": {
        "webAppUrl": {
            "type": "string",
            "value": "[concat('https://', variables('webAppName'), '.azurewebsites.net')]"
        },
        "webAppName": {
            "type": "string",
            "value": "[variables('webAppName')]"
        }
    }
}
